gene_barcode_OR1A1_wt	CTCTTTCTCT
gene_barcode_OR1A1_mut15AGC	TGCAAATGGC
gene_barcode_OR1A1_mut111AGA	CCGAAACCGC
gene_barcode_OR1A1_mut153CTG	CTTGTTCTTG
gene_barcode_OR1A1_mut153GTG	TTTCCGTTCC
gene_barcode_OR1A1_mut158TTC	AAACTGCCAC
gene_barcode_OR1A1_mut219TAC	CGAGCTGGAG
gene_barcode_OR1A1_mut304ACC	TGACCATTAC
gene_barcode_Alpha2AR_wt	CGCTTGCGCT
gene_barcode_MOR_wt	CACACGGCCA
gene_barcode_MOR_mut135ACC	AATGACAATG
gene_barcode_MOR_mut151GTG	TAGATCAAGA
gene_barcode_MOR_mut152CAC	AATCCGCATC
gene_barcode_MOR_mut291AGC	GGGTACGGGT
gene_barcode_MOR_mut320TAC	TCTACTTCAA
gene_barcode_KOR_wt	TCCAAATCGC
gene_barcode_KOR_mut124ACC	AACCGGCACC
gene_barcode_KOR_mut140GTG	AGACATATAC
gene_barcode_KOR_mut141CAC	ACGCAGACGG
gene_barcode_KOR_mut283AGC	GGGACCGGAA
gene_barcode_KOR_mut312TGG	CAGCCTGAGC
gene_barcode_OR1A1_mut111CAG	GCACCGACAC